,Supplier_Lead_Time,Inventory_Levels,Order_Frequency,Delivery_Performance,Cost_Per_Unit
Supplier_Lead_Time,1.0,0.15863923315119707,-0.9067968891112828,-0.9265511323333294,0.9667895892936623
Inventory_Levels,0.15863923315119707,1.0,-0.20217870396137017,-0.15479825923556376,0.19784173338812355
Order_Frequency,-0.9067968891112828,-0.20217870396137017,1.0,0.8359660202612363,-0.8904542725955217
Delivery_Performance,-0.9265511323333294,-0.15479825923556376,0.8359660202612363,1.0,-0.9284944728108533
Cost_Per_Unit,0.9667895892936623,0.19784173338812355,-0.8904542725955217,-0.9284944728108533,1.0

